,num bc,error_rate
0,1,0.5272991577237163
1,2,0.33855818127430454
2,3,0.05052902205082567
3,4,0.005206638464041653
4,5,0.0017030939540164632
5,6,0.0031446540880503146
6,7,0.004166666666666667
7,8,0.0
8,9,0.0
9,10,0.0
10,11,0.0
11,12,0.0
