Threshold,FractionAboveThreshold
2,0.1936444885799404
3,0.16198478195903543
4,0.1359885976720247
5,0.11457370284348434
6,0.10065630859898206
7,0.08724698374713331
8,0.07589556769884638
9,0.07095652173913043
10,0.06592039800995025
