Threshold,FractionAboveThreshold
2,0.13575381679389312
3,0.10929287948195539
4,0.08863057801737047
5,0.07416549467581297
6,0.0645045045045045
7,0.05632693959347266
8,0.046169989506820566
9,0.040754716981132075
10,0.0377915559492176
